epoch,accuracy,loss,mean_absolute_error,val_accuracy,val_loss,val_mean_absolute_error
0,0.7053035497665405,0.7079688310623169,0.2596225440502167,0.7192224860191345,0.6823417544364929,0.2616100609302521
1,0.7091432809829712,0.7030853033065796,0.258961945772171,0.7257019281387329,0.6823847889900208,0.26247110962867737
2,0.711543083190918,0.7031975984573364,0.2600669264793396,0.7235420942306519,0.6825026273727417,0.2631849944591522
3,0.7093832492828369,0.702916145324707,0.2604585886001587,0.7213822603225708,0.6825170516967773,0.2634642422199249
4,0.7110630869865417,0.7008533477783203,0.2603127658367157,0.7213822603225708,0.6824553608894348,0.2635408937931061
