epoch,accuracy,loss,mean_absolute_error,val_accuracy,val_loss,val_mean_absolute_error
0,0.5893282294273376,1.763069748878479,0.2194874882698059,0.5894228219985962,1.5620806217193604,0.23460029065608978
1,0.664228081703186,0.9701357483863831,0.18766264617443085,0.5851578116416931,1.5811727046966553,0.22991813719272614
2,0.6783661246299744,0.9257329106330872,0.1793997436761856,0.5837361216545105,1.6608976125717163,0.2285405695438385
3,0.6867270469665527,0.9076727032661438,0.17517933249473572,0.597668468952179,1.5877019166946411,0.22170095145702362
